id,category,shape,shape_type,triples,lexicalization,prefix
11374,Artist,(X (X) (X) (X (X (X)))),mixed,"[<S> Twilight (band) <P> genre <O> Black metal, <S> Aaron Turner <P> associatedBand/associatedMusicalArtist <O> Twilight (band), <S> Aaron Turner <P> associatedBand/associatedMusicalArtist <O> Sumac (band), <S> Aaron Turner <P> instrument <O> Electric guitar, <S> Black metal <P> musicFusionGenre <O> Death metal]","""Mae'r gitarydd electrig, Aaron Turner, wedi perfformio gyda'r band Sumac. Roedd yn chwarae gyda'r band Twilight y genre cerddorol, yw black metal. Death metal yw ffusiown cerddorol o black metal. """,Welsh
5552,WrittenWork,(X (X) (X)),sibling,"[<S> A Loyal Character Dancer <P> author <O> Qiu Xiaolong, <S> A Loyal Character Dancer <P> isbnNumber <O> ""1-56947-301-3""]","""Mae'r llyfr A Loyal Character Dancer wedi'i ysgrifennu gan Qiu Xiaolong ac mae ganddo rhif ISBN o 1-56947-301-3."" ""Mae gan Qiu Xiaolong, mae gan A Loyal Character Dancer, ISBN:1-56947-301-3."" ""Mae Qiu Xiaolong yn awdur A Loyal Character Dancer, gyda rhif ISBN 1-56947-301-3.""",Welsh
3530,Airport,(X (X) (X) (X) (X)),sibling,"[<S> Ashgabat International Airport <P> operatingOrganisation <O> Turkmenistan Airlines, <S> Ashgabat International Airport <P> location <O> Ashgabat, <S> Ashgabat International Airport <P> runwayLength <O> 3800.0, <S> Ashgabat International Airport <P> elevationAboveTheSeaLevelInMetres <O> 211]","""Mae awyrennau Turkmenistan yn sefydliad gweithredwr awyr o'r enw Saparmurat Turkmenbashi, sy'n lleoli yn ddinas Ashхабаd. Mae'n lleoli ar uchafbwynt o 211 metr uwchben lefel y môr ac mae ganddo dyddiad y daith 3800,0."", ""Mae awyrennau ar ôl y enw Saparmurat Turkmenbashi yn cael eu gweithredu gan Turkmenski Airlines. Mae'n lleoli ar uchafbwynt o 211 metr uwchben lefel y môr ac mae ganddo dyddiad y daith"".",Welsh
5659,WrittenWork,(X (X (X))),chain,"[<S> United States <P> leader <O> Barack Obama, <S> A Severed Wasp <P> country <O> United States]","""Mae'r Wisp wedi'i dorri o'r Unol Daleithiau lle mae Barack Obama yn president. "" ""Mae'r Wisp wedi'i dorri o'r Unol Daleithiau lle mae Barack Obama yn Arlywydd. """,Welsh
1349,City,(X (X)),,"[<S> Akron, Ohio <P> areaTotal <O> 161.54 (square kilometres)]","""Mae ardal gyfanswm Akron, Ohio yn 161.54 cylchmetr sgwâr. "" ""Mae ardal gyfanswm Akron Ohio yn 161.54 cylchmetr sgwâr. "" ""Mae ardal gyfanswm Akron, Ohio yn 161.54 cylchmetr sgwâr. """,Welsh
9468,City,(X (X) (X) (X) (X)),sibling,"[<S> Anderson, Indiana <P> populationDensity <O> 523.9 (inhabitants per square kilometre), <S> Anderson, Indiana <P> areaTotal <O> 107.43 (square kilometres), <S> Anderson, Indiana <P> isPartOf <O> Madison County, Indiana, <S> Anderson, Indiana <P> elevationAboveTheSeaLevel <O> 268.0]","""Mae Anderson, sy'n lleoli yn Sir Madison yn Indiana ac 268.0 uwchben lefel y môr, yn cynnwys cythbwysedd poblogaeth o 523.9 (beiniwyr y cwerhyd) a chythbwysedd cyfanswm o 107.43 cwerhyd. """,Welsh
11501,Athlete,(X (X) (X (X)) (X (X))),mixed,"[<S> Alessio Romagnoli <P> club <O> A.C. Milan, <S> A.C. Milan <P> manager <O> Siniša Mihajlović, <S> Alessio Romagnoli <P> position <O> Defender (football), <S> A.S. Roma <P> league <O> Serie A, <S> Alessio Romagnoli <P> club <O> A.S. Roma]","""Mae'r gwarchodwr Alessio Romagnoli wedi chwarae yn Serie A gyda A.S. Roma ac mae hefyd wedi chwarae ar gyfer A.C. Milan, lle roedd y rheolwr yn Siniša Mihajlović. """,Welsh
3489,Airport,(X (X (X) (X) (X))),mixed,"[<S> Andrews County Airport <P> location <O> Texas, <S> Texas <P> language <O> English language, <S> Texas <P> demonym <O> Tejano, <S> Texas <P> country <O> United States]","""Mae Aeroport округа Andrus yn siaradydd Saesneg yn Texas (USA), lle mae enw trigolion Texas yn tehass. """,Welsh
11311,Artist,(X (X) (X) (X) (X) (X)),sibling,"[<S> Andra (singer) <P> genre <O> Pop music, <S> Andra (singer) <P> birthYear <O> 1986, <S> Andra (singer) <P> birthPlace <O> Câmpia Turzii, <S> Andra (singer) <P> background <O> ""solo singer"", <S> Andra (singer) <P> occupation <O> ""singer, Reality television judge""]","""Andra, cantwr solo a pheriadwr teledu realiti, a anwyd yn 1986 yn Campia Turzii. Mae hi'n canu cerddoriaeth pop."", ""Anwyd cantwr cerddoriaeth pop Andra yn Campia Turzii yn 1986.",Welsh
3549,Airport,(X (X (X (X) (X)))),mixed,"[<S> Belgium <P> leader <O> Charles Michel, <S> Belgium <P> leaderName <O> Philippe of Belgium, <S> Antwerp International Airport <P> cityServed <O> Antwerp, <S> Antwerp <P> country <O> Belgium]","""Mae Arfordir Rhyngwladol Antwerpen yn gwasanaethu ddinas Antwerpen yn Belg, lle mae dau arweinydd - Charles Michel a Philippi. "" ""Mae Charles Michel a Philippi yn arwain Belg. Mae ddinas Antwerpen yn gyfarwyddwrwrwrwrwrwrwrwr poblogaidd yn y wlad ac mae'n gwasanaethu gan y maes awyr rhyngwladol Antwerpen. """,Welsh
2271,MeanOfTransportation,(X (X)),,[<S> Fiat Croma <P> relatedMeanOfTransportation <O> Opel Vectra],"""Mae Fiat Croma a Opel Vectra yn ffurfiau cyfweliad cysylltiedig"".",Welsh
1194,SportsTeam,(X (X)),,[<S> Frank de Boer <P> club <O> Netherlands national football team],"""Roedd Frank De Bur yn chwarae ar gyfer tîm pêl-droed yr Nederlawn"".",Welsh
6635,CelestialBody,(X (X (X) (X))),mixed,"[<S> 1036 Ganymed <P> discoverer <O> Walter Baade, <S> Walter Baade <P> deathPlace <O> Göttingen, <S> Walter Baade <P> almaMater <O> University of Göttingen]","""Dysgynnodd Walter Baade, a oedd yn y Brifysgol Göttingen, a fu farw yn Göttingen. """,Welsh
3492,Artist,(X (X) (X)),sibling,"[<S> Albennie Jones <P> genre <O> Jazz, <S> Albennie Jones <P> background <O> ""solo singer""]","""Albennie Jones, artist jazz, yw cantwr solo. ""Albennie Jones, artist jazz, mae ganddo cefndir fel cantwr solo. ""Albennie Jones yw cantwr solo ac yn perfformio cerddoriaeth jazz.",Welsh
2772,SportsTeam,(X (X)),,[<S> AZAL Arena <P> location <O> Shuvalan],"""Mae'r Arena AZAL yn Shuvalan. "" ""Mae'r Arena AZAL yn Shuvalan. """,Welsh
3063,WrittenWork,(X (X)),,"[<S> A Severed Wasp <P> libraryofCongressClassification <O> ""PS3523.E55 S4 1982""]","""PS3523.E55 S4 1982 yw Cyflogiad Llyfrgell y Gyngres o ""A Severed Wasp""."", ""Mae Cyflogiad Llyfrgell y Gyngres o A Severed Wasp yn PS3523.E55 S4 1982.""",Welsh
11068,Airport,(X (X (X) (X) (X) (X))),mixed,"[<S> Andrews County Airport <P> location <O> Texas, <S> Texas <P> largestCity <O> Houston, <S> Texas <P> capital <O> Austin, Texas, <S> Texas <P> demonym <O> Texan, <S> Texas <P> country <O> United States]","""Yn Texas (Y Unol Daleithiau), mae'r Texas yn cael eu galw'n Texans a'r prifddinas yw Austin. Mae'r ddinas fwyaf yn Houston a'r maes awyr Sir Andrews yn cael ei leoli yn Texas. "" ""Mae'r maes awyr Sir Andrews yn cael ei ddarganfod yn Texas, lle mae'r ddinas fwyaf yn Houston a'r prifddinas y wladwriaeth yn Austin. Mae dinasyddion Texas, yr Unol Daleithiau yn cael eu galw'n Texans. """,Welsh
7190,Food,(X (X (X) (X))),mixed,"[<S> Bacon Explosion <P> country <O> United States, <S> United States <P> leader <O> Barack Obama, <S> United States <P> ethnicGroup <O> African Americans]","""Mae America Affricanaidd yn grŵp ethnig yn yr Unol Daleithiau a fydd yn arweinydd Barack Obama. Mae'r Esblosiad Bacon yn dod o'r wlad honno. """,Welsh
7032,Company,(X (X) (X) (X)),sibling,"[<S> Chinabank <P> foundingDate <O> 1920-08-16, <S> Chinabank <P> service <O> Banking, <S> Chinabank <P> numberOfEmployees <O> 5594]","""Mae Chinabank yn banc gyda 5594 o weithwyr a sefydlwyd ar 16 Awst 1920."", ""Chinabank, gwasanaeth banc a sefydlwyd ar 08-16-1920, sydd â 5594 o weithwyr."", ""Chinabank, a sefydlwyd ar 16 Awst, 1920, sydd â 5594 o weithwyr ac yn darparu gwasanaethau banc i cwsmeriaid."", ""Chinabank, a sefydlwyd ar 16 Awst, 1920, sydd â 5594 o weithwyr sy'n darparu gwasanaethau banc i cwsmeriaid."", ""Chinabank, a sefydlwyd ar 1920-08-16 ac yn cyf",Welsh
3251,Airport,(X (X) (X)),sibling,"[<S> Al-Taqaddum Air Base <P> runwayLength <O> 4019.0, <S> Al-Taqaddum Air Base <P> cityServed <O> Fallujah]","""Mae hyd y llwybr awyr Al-Taqaddum yn 4019.0 ac mae'n gwasanaethu dinas Fallujah"".",Welsh
1138,Building,(X (X)),,[<S> Mason School of Business <P> country <O> United States],"""Mae Ysgol Busnes Mason yn cael ei leoli yn yr Unol Daleithiau"".",Welsh
10312,Monument,(X (X) (X (X) (X))),mixed,"[<S> Turkey <P> leader <O> Ahmet Davutoğlu, <S> Turkey <P> capital <O> Ankara, <S> Atatürk Monument (İzmir) <P> inaugurationDate <O> ""1932-07-27"", <S> Atatürk Monument (İzmir) <P> location <O> Turkey]","""Cyrwyd Cofmyrion Atatürk yn Izmir, Twrci, a oedd yn cael ei arwain gan Ahmet Davutoglu ac mae Ankara fel ei brifddinas, ar 27 Gorffennaf, 1932.",Welsh
7839,Politician,(X (X) (X) (X)),sibling,"[<S> Albert Jennings Fountain <P> party <O> Republican Party (United States), <S> Albert Jennings Fountain <P> birthPlace <O> New York City, <S> Albert Jennings Fountain <P> office <O> President pro tempore of the Texas Senate]","""Roedd Albert Jennings Fountain, a anwyd yn Efrog Newydd, yn gweithio fel Arlywydd Pro Tempore o Senedd Texas ac oedd yn aelod o'r Blaid Gyfreibyddol yn yr Unol Daleithiau. """,Welsh
4051,Food,(X (X) (X) (X) (X)),sibling,"[<S> Bacon sandwich <P> mainIngredient <O> ""Bread and bacon, with a condiment, often ketchup or brown sauce"", <S> Bacon sandwich <P> country <O> United Kingdom, <S> Bacon sandwich <P> alternativeName <O> ""Bacon butty, bacon sarnie, rasher sandwich, bacon sanger, piece 'n bacon, bacon cob, bacon barm, bacon muffin"", <S> Bacon sandwich <P> ingredient <O> Bread]","""Mae'r sandwich gyda'r baicon wedi dod o'r Deyrnas Unedig. Mae ei cynhwysion yn bara, baicon a zbrifka, yn aml yn ketchup neu sauws brun. Mae gan y bled nifer o enwau, megis baicon patti, baicon sirni, rescher sandwich, baicon sandwich, pis-n-baicon, baicon kob, baicon barm a maffin gyda'r",Welsh
2589,Politician,(X (X)),,[<S> Antonis Samaras <P> inOfficeWhilePrimeMinister <O> Konstantinos Mitsotakis],"""Roedd Antonis Samaras yn swydd tra oedd Konstantinos Mitsotakis yn Prif Weinidog"".",Welsh
408,Building,(X (X)),,"[<S> Adisham Hall <P> buildingStartDate <O> ""1927""]","""Mae adeiladu Adisham Hall wedi dechrau yn 1927"", ""Mae Adisham Hall wedi dechrau adeiladu yn 1927"".",Welsh
7177,Food,(X (X) (X) (X)),sibling,"[<S> Ayam penyet <P> region <O> Singapore, <S> Ayam penyet <P> ingredient <O> Fried chicken, <S> Ayam penyet <P> country <O> Indonesia]","""Mae'r penyet wedi'i frwydro yn cynhwysion i Ayam penyet, o ran rhanbarth Singapore, y gellir ei gael hefyd yn Indonesia. """", Mae'r penyet wedi'i frwydro mewn"", ""Mae penyet wedi'i frwydro yn rhanbarth Singapore, Indonesia, ac un os yw'i gynhwysion yn frwydro poen"".",Welsh
3610,Artist,(X (X (X))),chain,"[<S> United Kingdom <P> leader <O> Elizabeth II, <S> Alfred Garth Jones <P> nationality <O> United Kingdom]","""Elizabet II yw arweinydd y Deyrnas Unedig, gwlad geni Alfred Garth Jones. """"Elizabet II yw arweinydd y Deyrnas Unedig, lle cafodd Alfred Garth Jones ei eni. """"Elizabet II yn arweinydd y Deyrnas Unedig, lle mae Elizabeth II yn arweinydd. """,Welsh
8728,Artist,(X (X (X)) (X (X))),mixed,"[<S> Alfred Garth Jones <P> deathPlace <O> London, <S> United Kingdom <P> leader <O> Elizabeth II, <S> Alfred Garth Jones <P> nationality <O> United Kingdom, <S> London <P> leader <O> Boris Johnson]","""Mae Alfred Garth Jones o'r Deyrnas Unedig, wedi marw yn Llundain. Mae arweinydd y ddinas yn Boris Johnson ac mae'r wlad yn cael ei arwain gan Elizabeth II. """,Welsh
12707,University,(X (X (X)) (X (X) (X))),mixed,"[<S> Acharya Institute of Technology <P> wasGivenTheTechnicalCampusStatusBy <O> All India Council for Technical Education, <S> All India Council for Technical Education <P> location <O> Mumbai, <S> Karnataka <P> hasToItsNortheast <O> Telangana, <S> Karnataka <P> hasToItsWest <O> Arabian Sea, <S> Acharya Institute of Technology <P> state <O> Karnataka]","""Mae gan wladwriaeth Karnataka Telangana i'r gogledd-ddwyrain a'r môr Arabaidd i'r gorllewin. Mae'n lleoliad y Sefydliad Technoleg Acharya a gafodd statws Campws Technegol gan Gyngor y Byd i gyd ar gyfer Addysg Technegol yn Mumbai. """,Welsh
2194,MeanOfTransportation,(X (X)),,[<S> American submarine NR-1 <P> topSpeed <O> 8.334],"""Mae cyflymder uchaf y llong-dŵr Americanaidd NR-1 yn 8,334. "" ""Mae cyflymder uchaf y llong-dŵr Americanaidd, NR-1, yn 8,334 km/h"".",Welsh
3018,WrittenWork,(X (X)),,[<S> AIDS (journal) <P> academicDiscipline <O> HIV/AIDS],"""Mae'r cylchgrawn AIDS yn astudio HIV/AIDS. """", Mae'r cylchgrawn Aids yn HIV/AIDS. """", Mae'r cylchgrawn AIDS yn perthyn i'r dysggrawn academaidd, HIV/AIDS"".",Welsh
4624,Food,(X (X) (X)),sibling,"[<S> Bakewell pudding <P> region <O> Derbyshire Dales, <S> Bakewell pudding <P> mainIngredient <O> ""Ground almond, jam, butter, eggs""]","""Mae'r pudding yn cynnwys almond, jam, boter a gwiau fel prif gynhwysion ac mae'n wreiddiol o'r Derbyshire Dales. """", Mae'r pudding yn wreiddiol o'r Derbyshire Dales a'r cynhwysion yn cynnwys almond, jam, boter a gwiau. """", Mae'r pudding yn cynnwys almond, jam, boter a gwiau fel prif gynhwysion a'r cynnyrch o'r Derbyshire Dales. """,Welsh
7720,Politician,(X (X) (X (X))),mixed,"[<S> Abel Caballero <P> inOfficeWhileMonarch <O> Juan Carlos I of Spain, <S> Juan Carlos I of Spain <P> predecessor <O> Francisco Franco, <S> Abel Caballero <P> birthPlace <O> Ponteareas]","""Born yn Ponteareas, roedd Abel Caballero yn swydd yn ystod deyrnasiad y Monarch, Juan Carlos I o Sbaen, a oedd yn dilyn, Francisco Franco. "" ""Abel Caballero cafodd ei eni yn Ponteareas ac roedd yn swydd yn ystod deyrnasiad Brenin Juan Carlos I o Sbaen a oedd yn swydd yn ystod deyrnasiad y Brenin Juan Carlos I a oedd ei gynhaliaeth yn Francisco Franco. """,Welsh
8564,Airport,(X (X) (X (X) (X))),mixed,"[<S> Atlantic City International Airport <P> elevationAboveTheSeaLevel <O> 23.0, <S> Atlantic City International Airport <P> location <O> Egg Harbor Township, New Jersey, <S> Egg Harbor Township, New Jersey <P> country <O> United States, <S> Egg Harbor Township, New Jersey <P> isPartOf <O> Atlantic County, New Jersey]","""Mae Aerfennau Rhyngwladol Atlantic City yn lleoli yn Egg Harbor Township, New Jersey, yr Unol Daleithiau, mae'r Egg Harbor Township, New Jersey yn rhan o Atlantic County, New Jersey, mae'r aerfen yn 23.0 uwchben lefel y môr. """,Welsh
422,Artist,(X (X)),,[<S> Alfred Garth Jones <P> birthYear <O> 1872],"""Roedd Alfred Garth Jones wedi geni yn 1872. """,Welsh
5276,Astronaut,(X (X) (X) (X) (X) (X) (X)),sibling,"[<S> Alan Shepard <P> almaMater <O> ""NWC, M.A. 1957"", <S> Alan Shepard <P> deathPlace <O> California, <S> Alan Shepard <P> occupation <O> Test pilot, <S> Alan Shepard <P> birthPlace <O> New Hampshire, <S> Alan Shepard <P> nationality <O> United States, <S> Alan Shepard <P> birthDate <O> ""1923-11-18""]","""Born Alan Sheppard (Cyrddon America) ar 18 Tachwedd 1923 yn New Hampshire. Gorchwiliodd NWC yn 1957 yn Magister Gwyddorau Humanitar.",Welsh
4923,MeanOfTransportation,(X (X) (X)),sibling,"[<S> Aston Martin V8 <P> bodyStyle <O> Convertible, <S> Aston Martin V8 <P> engine <O> 5.3 (litres)]","""Mae'r Aston Martin V8 yn drigoedd gyda motor 5.3l."", ""Mae'r Aston Martin V8 yn drigoedd gyda motor 5.3l."", ""Mae 5.3l yn gyfradd y motor o'r Aston MArtin V8 sydd yn drigoedd"".",Welsh
1005,Building,(X (X)),,[<S> Addis Ababa City Hall <P> buildingStartDate <O> 1961],"""Mae adeiladu ar Gynghrair Ddinas Addis Ababa wedi dechrau yn 1961."" ""Dyddiad dechrau adeiladu Gynghrair Ddinas Addis Ababa oedd 1961."" ""Fe ddechreuodd adeiladu Gynghrair Ddinas Addis Ababa yn 1961.""",Welsh
985,Food,(X (X)),,[<S> Malaysia <P> leader <O> Najib Razak],"""Nadjib Tun Razak  arweinydd Malesia. """",Ime arweinydd Malesia Nadjib Tun Razak. """,Welsh
5480,Astronaut,(X (X) (X) (X) (X) (X) (X) (X)),sibling,"[<S> Elliot See <P> almaMater <O> University of Texas at Austin, <S> Elliot See <P> deathPlace <O> St. Louis, <S> Elliot See <P> birthDate <O> ""1927-07-23"", <S> Elliot See <P> birthPlace <O> Dallas, <S> Elliot See <P> deathDate <O> ""1966-02-28"", <S> Elliot See <P> occupation <O> Test pilot, <S> Elliot See <P> nationality <O> United States]","""Bornodd Elliott Si yn Dallas, yr Unol Daleithiau, ar 23 Gorffennaf 1927. Roedd yn ddysgwr Prifysgol Texas yn Austin. Bu farw Elliott Si yn St. Louis ar 28 Chwefror 1966.",Welsh
11443,Astronaut,(X (X) (X) (X) (X (X))),mixed,"[<S> Elliot See <P> almaMater <O> University of Texas at Austin, <S> University of Texas at Austin <P> affiliation <O> University of Texas System, <S> Elliot See <P> birthDate <O> ""1927-07-23"", <S> Elliot See <P> birthPlace <O> Dallas, <S> Elliot See <P> deathPlace <O> St. Louis]","""Eiliot See a enwyd yn Dallas ar 23 Gorffennaf 1927. Graddodd o Brifysgol Texas yn Austin sy'n gysylltiedig â system Prifysgol Texas. Bu farw yn St. Louis. ""Elliot See wedi marw yn St. Louis.",Welsh
12403,MeanOfTransportation,(X (X (X (X (X) (X))))),mixed,"[<S> Germany <P> capital <O> Berlin, <S> Germany <P> demonym <O> Germans, <S> Neptun Werft <P> city <O> Rostock, <S> Rostock <P> country <O> Germany, <S> A-Rosa Luna <P> builder <O> Neptun Werft]","""Roedd A-Rosa Luna yn cael ei adeiladu gan Neptun Werft sydd yn lleoli yn Rostock, yn yr Almaen. Mae Berlin yn brifddinas yr Almaen lle mae Almaenwyr yn y demoniaidd ar gyfer pobl sy'n byw yno. """,Welsh
3925,Building,(X (X (X))),chain,"[<S> Adare <P> isPartOf <O> Munster, <S> Adare Manor <P> location <O> Adare]","""Mae Adare Manor yn Adare sy'n rhan o Munster. "" ""Adare Manor yn Adare, Munster. """,Welsh
4601,Food,(X (X) (X)),sibling,"[<S> Bacon sandwich <P> country <O> United Kingdom, <S> Bacon sandwich <P> ingredient <O> Brown sauce]","""Mae sos brown yn gynhwysedd mewn sandwich bacon sy'n boblogaidd yn y DU. "" ""Mae sandwich bacon gyda sos brown yn boblogaidd yn y DU. "" ""Mae cynhwysedd mewn sandwc bacon sy'n saws brown a sandwcis bacon yn boblogaidd yn y DU"".",Welsh
6948,ComicsCharacter,(X (X) (X) (X)),sibling,"[<S> Airman (comicsCharacter) <P> creator <O> Harry Sahle, <S> Airman (comicsCharacter) <P> alternativeName <O> ""Drake Stevens"", <S> Airman (comicsCharacter) <P> creator <O> George Kapitan]","""Airman, AKA Drake Stevens a grëwyd gan Harry Sahle a George Kapitan. "" ""Mae enw arall y cymeriad comediad Airman yn ""Drake Stevens"".",Welsh
11228,Artist,(X (X) (X) (X (X) (X))),mixed,"[<S> Albennie Jones <P> genre <O> Rhythm and blues, <S> Albennie Jones <P> background <O> ""solo singer"", <S> Rhythm and blues <P> stylisticOrigin <O> Blues, <S> Albennie Jones <P> birthPlace <O> Errata, Mississippi, <S> Rhythm and blues <P> derivative <O> Disco]","""Albennie Jones, sy'n cael ei eni yn Errata, Mississippi, yw cantwr solo R a B. Rhythm a blues yn dod o'r blues ac R a B wedi helpu i greu disco flynyddoedd lawer yn ddiweddarach. ""Albennie Jones, cantwr solo rhythm a blues, cafodd ei eni yn Errata, Mississippi. Mae cerddoriaeth rhythm a blues wedi'i lofnodi gan blues ac mae'n cael ei ddal i disco.",Welsh
4351,SportsTeam,(X (X) (X) (X) (X)),sibling,"[<S> AFC Ajax (amateurs) <P> nickname <O> ""Lucky Ajax"", <S> AFC Ajax (amateurs) <P> season <O> 2014–15 Topklasse, <S> AFC Ajax (amateurs) <P> numberOfMembers <O> 5000, <S> AFC Ajax (amateurs) <P> fullName <O> ""Amsterdamsche Football Club Ajax Amateurs""]","""Polneym FK ""Ayax (amethwyr)  - Amsterdamsky football club Ayax (amethwyr)  i'w enwog - Счастливчик Аякс. Chwaraeodd yn Topklasse (Nederlaind) yn y tymor 2014-2015 ac mae ganddo 5000 o aelodau.",Welsh
1969,Food,(X (X) (X)),sibling,"[<S> Bacon sandwich <P> dishVariation <O> BLT, <S> Bacon sandwich <P> ingredient <O> Ketchup]","""Variacja sэндwicha z beconom - sandwich BiElT, sydd â'i egwyddor yn un o'r cynhwysion o'r ketchup. """,Welsh
12976,University,(X (X) (X) (X) (X (X) (X))),mixed,"[<S> AWH Engineering College <P> country <O> India, <S> Kerala <P> leader <O> Kochi, <S> AWH Engineering College <P> academicStaffSize <O> 250, <S> AWH Engineering College <P> state <O> Kerala, <S> Kerala <P> hasToItsNorthwest <O> Mahé, India, <S> AWH Engineering College <P> city <O> ""Kuttikkattoor""]","""Mae'r Coleg Weinisiniaeth AWH yn lleoli yn Kuttikkattoor, Kerala, India. Mae ganddo 250 staff academaidd. Mae Kerala yn Mahe, India i'w gogledd-orllewin a'i arweinydd yw Kochi. """,Welsh
11697,CelestialBody,(X (X) (X) (X) (X) (X)),sibling,"[<S> (19255) 1994 VK8 <P> epoch <O> 2006-12-31, <S> (19255) 1994 VK8 <P> mass <O> 5.6 (kilograms), <S> (19255) 1994 VK8 <P> orbitalPeriod <O> 8788850000.0, <S> (19255) 1994 VK8 <P> escapeVelocity <O> 0.0925 (kilometrePerSeconds), <S> (19255) 1994 VK8 <P> apoapsis <O> 6603633000.0 (kilometres)]","""Il-VK8 tal-255 1994 għandu massa ta' 5.6 kilogrammi u perjodu orbitali ta' 8,788,850,000 jum.",Maltese
12960,Monument,(X (X) (X) (X (X) (X) (X))),mixed,"[<S> Dead Man's Plack <P> location <O> England, <S> England <P> ethnicGroup <O> British Arabs, <S> England <P> capital <O> London, <S> Dead Man's Plack <P> dedicatedTo <O> Æthelwald, Ealdorman of East Anglia, <S> England <P> language <O> Cornish language, <S> Dead Man's Plack <P> material <O> Rock (geology)]","""Il-Plakka tal-Mut li hija magħmula minn rka u hija ddedikata lil Æthelwald, Ealdorman tal-Lvant Anglia, tinsab fl-Ingilterra. Il-kapitali tal-Ingilterra hija Londra u l-Arabi Brittaniċi huma grupp etniku li jitkellem hemm.",Maltese
10818,WrittenWork,(X (X) (X (X) (X))),mixed,"[<S> AIP Advances <P> editor <O> A.T. Charlie Johnson, <S> A.T. Charlie Johnson <P> almaMater <O> Harvard University, <S> A.T. Charlie Johnson <P> residence <O> United States, <S> AIP Advances <P> publisher <O> American Institute of Physics]","""AIP Advances, ippubblikata mill-Istitut Amerikan tal-Fizika hija editata minn A.T. Charlie Johnson, li mar l-Università ta 'Harvard u jgħix fl-Istati Uniti. """", AIP Advances huwa editat mill-Istitut Amerikan tal-Fizika, AIP Advances huwa editat minn A T Charlie Johnson, li l-alma mater tiegħu hija l-Università ta' Harvard. Huma residenti fl-Istati Uniti. "", ""A T Charlie Johnson jgħix fl-Istati Uniti u huwa l-editur ta' AIP",Maltese
4502,Airport,(X (X) (X (X) (X) (X))),mixed,"[<S> Agra Airport <P> iataLocationIdentifier <O> ""AGR"", <S> Agra Airport <P> location <O> Uttar Pradesh, <S> Uttar Pradesh <P> isPartOf <O> Awadh, <S> Uttar Pradesh <P> leader <O> Ram Naik, <S> Uttar Pradesh <P> isPartOf <O> Bundelkhand]","""Ram Naik huwa l-mexxej ta 'l-Uttar Pradesh, parti ta 'Auda u Bundelkhand, fejn tinsab l-ajruport ta' Agra b'identifikatur AGR skont l-IATA. """",Ram Naik - mexxej ta 'l-Uttar Pradesh, parti ta 'Audi u Bundelkhand.",Maltese
7091,Food,(X (X) (X) (X)),sibling,"[<S> Ajoblanco <P> country <O> Spain, <S> Ajoblanco <P> region <O> Andalusia, <S> Ajoblanco <P> ingredient <O> Bread]","""Ħobż huwa ingredjent ta' Ajoblanco li huwa ikel li jinstab f'Andalusia, fl-Ispanya. "" ""Ħobż huwa ingredjent ta' Ajoblanco, li ġej mir-reġjun ta' Andalusia, fl-Ispanya. "" ""Ħobż huwa ingredjent ta' Ajoblanco li jinstab f'Andalusia u li joriġina minn Spanja. """,Maltese
11228,Artist,(X (X) (X) (X (X) (X))),mixed,"[<S> Albennie Jones <P> genre <O> Rhythm and blues, <S> Albennie Jones <P> background <O> ""solo singer"", <S> Rhythm and blues <P> stylisticOrigin <O> Blues, <S> Albennie Jones <P> birthPlace <O> Errata, Mississippi, <S> Rhythm and blues <P> derivative <O> Disco]","""Albennie Jones, ma kontx f'Errata, Mississippi, ma kontx qed ngħid biss R a B. Rhythm a blues u d-d-blues tiegħu AC R a B għenni nħolqu disko f'ħafna snin wara. ""Albennie Jones, ma kontx qed ngħid biss blues, ma kontx qed ngħid xejn dwar Errata, Mississippi.",Maltese
6572,Building,(X (X) (X (X))),mixed,"[<S> India <P> leader <O> T. S. Thakur, <S> Amdavad ni Gufa <P> location <O> Gujarat, <S> Amdavad ni Gufa <P> country <O> India]","""Amdavad ni Gufa tinsab fil-Gujarat, l-Indja. T S Thakur huwa mexxej tal-Indja. """,Maltese
13183,University,(X (X) (X (X)) (X (X)) (X (X))),mixed,"[<S> Acharya Institute of Technology <P> wasGivenTheTechnicalCampusStatusBy <O> All India Council for Technical Education, <S> All India Council for Technical Education <P> location <O> Mumbai, <S> Bangalore <P> founder <O> Kempe Gowda I, <S> Acharya Institute of Technology <P> city <O> Bangalore, <S> Acharya Institute of Technology <P> sportsOffered <O> Tennis, <S> Tennis <P> sportGoverningBody <O> International Tennis Federation, <S> Acharya Institute of Technology <P> affiliation <O> Visvesvaraya Technological University]","""L-Istitut tat-Teknoloġija Acharya jinsab f'Bangalore, il-belt li ġiet stabbilita minn Kempe Gowda. L-Istitut ingħata l-istatus ta' 'Kampus Tekniku' mill-Kunsill tal-Indja kollha għall-Edukazzjoni Teknika (li jinsab f'Mumbai). L-Istitut tat-Teknoloġija Acharya huwa affiljat mal-Università Teknoloġika Visvesvaraya u wieħed mill-isports offruti fil-kampus huwa t-tennis, li għandu bħala korp governattiv tiegħu l-",Maltese
12455,Monument,(X (X) (X) (X) (X (X))),mixed,"[<S> Atatürk Monument (İzmir) <P> designer <O> Pietro Canonica, <S> Turkey <P> capital <O> Ankara, <S> Atatürk Monument (İzmir) <P> material <O> ""Bronze"", <S> Atatürk Monument (İzmir) <P> inaugurationDate <O> ""1932-07-27"", <S> Atatürk Monument (İzmir) <P> location <O> Turkey]","""Il-monument tal-Ataturk tal-bronzu f'Izmir ġie ddisinjat minn Pietro Canonica u ġie inaugurat fit-Turkija, fejn il-kapitali hija Ankara, fis-27 ta' Lulju 1932."", ""Il-Monument tal-Ataturk fit-Turkija ġie ddisinjat f'bronzu minn Pietro Canonica, Iniżagjat fis-27 ta' Lulju 1932. Il-belt kapitali tat-Turkija hija Ankara.",Maltese
5160,Politician,(X (X) (X)),sibling,"[<S> Albert Jennings Fountain <P> birthPlace <O> New York, <S> Albert Jennings Fountain <P> birthPlace <O> Staten Island]","""Albert Jennings Fountain twieled f'Staten Island, New York. ""Albert Jennings Fountain twieled f'Staten Island, New York"".",Maltese
12470,Monument,(X (X) (X (X) (X) (X))),mixed,"[<S> Dead Man's Plack <P> location <O> England, <S> England <P> ethnicGroup <O> British Arabs, <S> England <P> capital <O> London, <S> England <P> religion <O> Church of England, <S> Dead Man's Plack <P> material <O> Rock (geology)]","""L-Arabi Britanniċi huma wieħed mill-gruppi etni li jinstabu fl-Ingilterra, li għandha l-belt kapitali ta 'Londra. Ingilterra hija l-post tal-monument tal-għadam magħruf bħala Plack tal-Mut, u fejn ir-reliġjon prinċipali hija l-Knisja ta' Ingilterra. """,Maltese
2524,Building,(X (X (X (X)))),chain,"[<S> 103 Colmore Row <P> architect <O> John Madin, <S> John Madin <P> birthPlace <O> Birmingham, <S> Birmingham <P> leader <O> John Clancy (Labour politician)]","""John Klancy - politiku-lejborista, li qed iġġenerar Birmingham, fejn twieled l-arkitettur John Madin, li ppjanat il-Kolmore-row 103."", ""John Klancy - mexxej ta' Birmingham, fejn twieled John Madin, disejner tal-Kolmore-row 103."", ""Politik-lejborista John Klancy - mexxej ta' Birmingham.",Maltese
5240,University,(X (X) (X) (X) (X) (X)),sibling,"[<S> Acharya Institute of Technology <P> president <O> ""B.M. Reddy"", <S> Acharya Institute of Technology <P> city <O> Bangalore, <S> Acharya Institute of Technology <P> director <O> ""Dr. G. P. Prabhukumar"", <S> Acharya Institute of Technology <P> established <O> 2000, <S> Acharya Institute of Technology <P> country <O> ""India""]","""L-Istitut Teknoloġiku ta' Ačarya f'Bangalore, l-Indja, ġie stabbilit fl-2000. Id-direttur tiegħu huwa d-dott G.P. Prabkhkumar, u l-president tiegħu huwa B.M. Reddy. """,Maltese
1253,SportsTeam,(X (X)),,[<S> Peter Stöger <P> club <O> FC Admira Wacker Mödling],"""Klub Peter Szťöger - é FK Admiral Wakker Mödling. "", ""Peter Szťöger huwa l-attur Admiral Wakker Mödling. "", ""Peter Szťöger jilgħab għall Admiral Wakker Mödling. """,Maltese
11726,CelestialBody,(X (X (X) (X) (X) (X))),mixed,"[<S> 1036 Ganymed <P> discoverer <O> Walter Baade, <S> Walter Baade <P> doctoralStudent <O> Halton Arp, <S> Walter Baade <P> birthPlace <O> Preußisch Oldendorf, <S> Walter Baade <P> deathPlace <O> West Germany, <S> Walter Baade <P> almaMater <O> University of Göttingen]","""Walter Baade, li kellu student ta' dottorat jismu Halton Arp, skopra 1036 Ganymed. Huwa twieled f'Preussisch Oldendorf, gradwa l-Università ta' Gottingen u aktar tard miet fil-Ġermanja tal-Punent. """,Maltese
404,Building,(X (X)),,[<S> Addis Ababa City Hall <P> location <O> Addis Ababa],"""Ratuša Addis-Abebi tinsab f'Addis-Abebe"".",Maltese
9646,ComicsCharacter,(X (X) (X) (X (X))),mixed,"[<S> Jerry Ordway <P> nationality <O> Americans, <S> Bibbo Bibbowski <P> fullName <O> ""Bo Bibbowski"", <S> Bibbo Bibbowski <P> creator <O> Jerry Ordway, <S> Bibbo Bibbowski <P> creator <O> Marv Wolfman]","""Bibbo Bibbowski huwa l-isem sħiħ ta' Bo Bibbowski maħluq minn Marv Wolfman u l-Amerikan, Jerry Ordway."", ""Bo (ismija sħiħa Bibbo) Bibbowski ġie maħluq minn Marv Wolfman u l-Amerikan, Jerry Ordway."", ""Marv Wolfman u l-Amerikan, Jerry Ordway ħolqu Bo (ismija sħiħa Bibbo) Bibbowski"".",Maltese
6218,Athlete,(X (X) (X (X))),mixed,"[<S> Akeem Adams <P> club <O> Ferencvárosi TC, <S> Akeem Adams <P> club <O> United Petrotrin F.C., <S> United Petrotrin F.C. <P> ground <O> Palo Seco]","""Akeem Adams kellu għall- United Petrotrin F.C. li l-art tiegħu hija l-Palo Seco grounds. Issa jilgħab mal-Ferencvarosi TC. """", Akeem Adams jilgħab għall-Ferencvarosi TC u huwa membru tal-klub United Petrotrin F.C. li jilgħab f'Palo Seco. """", ""Klubs preċedenti ta' Akeem Adams jinkludu Ferencvarosi TC u United Petrotrin FC ibbażat f'Palo Seco. """,Maltese
1728,CelestialBody,(X (X (X))),chain,"[<S> 1036 Ganymed <P> discoverer <O> Walter Baade, <S> Walter Baade <P> doctoralStudent <O> Halton Arp]","""Halton Christian Arp kien l-aspirant ta 'Walter Baade, li sab (1036) li kien Ganymede. """,Maltese
5234,Politician,(X (X (X))),chain,"[<S> Alvah Sabin <P> region <O> Vermont, <S> Vermont <P> largestCity <O> Burlington, Vermont]","""Alvah Sabin irrappreżenta Vermont, li l-akbar belt tagħha hija Burlington. ""Alvah Sabin irrappreżenta Vermont, li l-akbar belt tagħha, hija Burlington, Vermont. """,Maltese
1288,CelestialBody,(X (X)),,[<S> 109 Felicitas <P> averageSpeed <O> 17.73 (kilometrePerSeconds)],"""Il-109 Felicitas għandha veloċità medja ta' 17.73 kilometru fis-sekonda."", ""Il-109 Felicitas jivvjaġġa b'veloċità medja ta' 17.73 kilometru fis-sekonda"".",Maltese
6344,Athlete,(X (X (X) (X))),mixed,"[<S> Canada <P> ethnicGroup <O> Black Canadians, <S> Canada <P> leader <O> Elizabeth II, <S> Adam McQuaid <P> birthPlace <O> Canada]","""Adam McQuaid twieled fil-Kanada fejn Elizabeth II hija l-mexxejja. Huwa wkoll fejn il-Kanadiżi Żerq huma wieħed mill-gruppi etniċi."", ""Adam McQuaid twieled fil-Kanada, fejn il-mexxejja hija Elizabeth II u l-Kanadiżi Żerq huma grupp etniku."", ""Adam McQuaid twieled fil-Kanada, li hija mmexxejja minn Elizabeth II u fejn il-Kanadiżi Żerq huma wieħed mill-gruppi etni",Maltese
4737,Food,(X (X (X))),chain,"[<S> Indonesia <P> leader <O> Jusuf Kalla, <S> Arem-arem <P> region <O> Indonesia]","""Jusuf Kalla huwa l-mexxej tal-Indoneżja fejn issib Arem arem."", ""Arem arem ġej mill-Indoneżja, pajjiż immexxi minn Jusuf Kalla."", ""Arem arem ġej mill-Indoneżja fejn Jusuf Kalla huwa mexxej"".",Maltese
4898,MeanOfTransportation,(X (X (X))),chain,"[<S> Antares (rocket) <P> comparable <O> Delta II, <S> Delta II <P> countryOrigin <O> United States]","""Il-rakett Antares huwa simili mal-Delta II mill-Istati Uniti"", ""Il-rakett Antares huwa simili mal-rakett Delta II, dan tal-aħħar joriġina mill-Istati Uniti. """", Il-rakett Antares, huwa komparabbli mal-Delta II li joriġina mill-Istati Uniti. """,Maltese
626,CelestialBody,(X (X)),,[<S> 107 Camilla <P> orbitalPeriod <O> 2368.05 (days)],"""2368,05 ġurnata - perjodu orbital (107) Kamil."", ""(107) Kamilla għandu perjodu orbital 2368,05 ġurnata. """,Maltese
7228,Food,(X (X) (X) (X)),sibling,"[<S> Baked Alaska <P> region <O> Hong Kong, <S> Baked Alaska <P> country <O> France, <S> Baked Alaska <P> ingredient <O> Christmas pudding]","""Alaska miktuba, li fiha pudding tal-Milied, hija mill-pajjiż ta 'Franza. Alaska miktuba hija sservi fir-reġjun ta 'Hong Kong. "" ""Pudding tal-Milied huwa ingredjent f'Alaska miktuba li hija kemm minn Hong Kong u Franza. ""Alaska miktuba, li fih pudding tal-Milied, hija mill-Franza u Hong Kong. """,Maltese
5302,Astronaut,(X (X) (X) (X) (X) (X (X))),mixed,"[<S> Buzz Aldrin <P> birthPlace <O> Glen Ridge, New Jersey, <S> Buzz Aldrin <P> mission <O> Apollo 11, <S> Buzz Aldrin <P> birthDate <O> ""1930-01-20"", <S> Buzz Aldrin <P> nationality <O> United States, <S> Buzz Aldrin <P> occupation <O> Fighter pilot, <S> Apollo 11 <P> operator <O> NASA]","""Letчик-iStrejer mill-Istati Uniti Bazz Oldrin twieled 20 ta 'Jannar 1930 fil-belt ta' Glen Ridge, New Jersey. Huwa kien imur membru tal-ekwipaġġ fuq il-bord ""Apollo-11"" fil-programm tal-NASA. """,Maltese
3318,Airport,(X (X) (X)),sibling,"[<S> Angola International Airport <P> 1stRunwayNumber <O> 5, <S> Angola International Airport <P> elevationAboveTheSeaLevelInMetres <O> 159]","""5 huwa n-numru tal-ewwel runway tal-Ajruport Internazzjonali ta' Angola li huwa 159m a.s.l""., ""L-ewwel runway fl-Ajruport Internazzjonali ta' Angola huwa magħruf bħala 5 u huwa 159m fuq il-livell tal-baħar."", ""L-ewwel runway tal-Ajruport Internazzjonali ta' Angola għandu n-numru 5, u l-għoli tal-ajruport fuq il-livell tal-baħar huwa 159m"".",Maltese
11590,Building,(X (X (X)) (X (X) (X))),mixed,"[<S> AC Hotel Bella Sky Copenhagen <P> location <O> Denmark, <S> Denmark <P> leader <O> Margrethe II of Denmark, <S> Marriott International <P> foundationPlace <O> Washington, D.C., <S> AC Hotel Bella Sky Copenhagen <P> tenant <O> Marriott International, <S> Denmark <P> language <O> Greenlandic language]","""Margrethe II hija l-mexxejja tad-Danimarka fejn waħda mill-lingwi hija Groenlandiża. L-AC Hotel Bella Sky f'Kopenhagen tinsab fil-pajjiż u bħalissa hija kkirata mill-Marriott International li ġiet stabbilita f'Washington DC. """", ""Wel mill-lingwi tad-Danimarka hija Groenlandiża u l-mexxejja hija Margrethe II.",Maltese
7682,Politician,(X (X) (X (X))),mixed,"[<S> Ab Klink <P> almaMater <O> Erasmus University Rotterdam, <S> Erasmus University Rotterdam <P> affiliation <O> Association of MBAs, <S> Ab Klink <P> office <O> Ministry of Health, Welfare and Sport (Netherlands)]","""Ab Klink ħadem fil-Ministeru tas-Saħħa, il-Belfare u l-Isport fl-Olanda u qabel dan attwa l-Università Erasmus f'Rotterdam li hija affiljata mal-Assoċjazzjoni tal-MBAs. """,Maltese
623,CelestialBody,(X (X)),,[<S> 107 Camilla <P> discoverer <O> E. Wells],"""Il-Prim'Otkrivatur (107) tal-Kamillu kien I. Wells"", ""((107) Kamilla ġiet skoperta minn I. Wells."", ""I. Wells skoperta (107) Kamilla. """,Maltese
11856,City,(X (X) (X) (X) (X) (X)),sibling,"[<S> Angola, Indiana <P> isPartOf <O> Steuben County, Indiana, <S> Angola, Indiana <P> elevationAboveTheSeaLevel <O> 324.0, <S> Angola, Indiana <P> isPartOf <O> United States, <S> Angola, Indiana <P> areaTotal <O> 16.55 (square kilometres), <S> Angola, Indiana <P> populationDensity <O> 524.5 (inhabitants per square kilometre)]","""Angola tinsab f'324 metru fuq il-livell tal-baħar fil-Kawt ta' Steuben, Indiana, fl-Istati Uniti. Hija għandha żona totali ta' 16.55 km2 u densità ta' popolazzjoni ta' 524.5 abitanti għal kull km2"".",Maltese
7999,SportsTeam,(X (X (X) (X))),mixed,"[<S> A.F.C. Blackpool <P> manager <O> Stuart Parker (footballer), <S> Stuart Parker (footballer) <P> club <O> KV Mechelen, <S> Stuart Parker (footballer) <P> club <O> Stockport County F.C.]","""Il-maniġer tal-AFC Blackpool huwa Stuart Parker li darba kellu għall-Stockport County FC u bħalissa jilgħab għall-KV Mechelen. """", Stuart Parker huwa l-maniġer tal-AFC Blackpool.",Maltese
10568,SportsTeam,(X (X (X) (X) (X))),mixed,"[<S> 1. FC Magdeburg <P> manager <O> Jens Härtel, <S> Jens Härtel <P> club <O> Berliner AK 07, <S> Jens Härtel <P> club <O> SV Babelsberg 03, <S> Jens Härtel <P> club <O> FSV Zwickau]","""Il-maniġer tal-FC Magdeburg huwa Jens Härtel, li huwa marbut mal-klabb FSV Zwickau. Huwa kellu għall-Berlinner AK 07, u issa jilgħab għall-SV Babelsberg 03."", ""Jens Hartel kellu għall-Berlinner AK 07 u kien maniġer ta '1 FC Magdeburg. Huwa membru tal-klabb FSV Zwickau u jilgħab għall-SV Babelsberg 03.""",Maltese
8973,Athlete,(X (X) (X) (X) (X)),sibling,"[<S> Akeem Ayers <P> formerTeam <O> Los Angeles Rams, <S> Akeem Ayers <P> birthDate <O> 1989-07-10, <S> Akeem Ayers <P> debutTeam <O> Tennessee Titans, <S> Akeem Ayers <P> activeYearsStartYear <O> 2011]","""Akeem Ayers, li twieled fl-10 ta' Lulju 1989, qabel kellu għall-Los Angeles Rams. Huwa debyta għall-tim Tennessee Titans fl-2011."", ""Akeem Ayers twieled fl-10 ta' Lulju, 1989 u beda l-karriera tiegħu fl-2011 għall-Tennessee Titans.",Maltese
8567,Airport,(X (X) (X) (X) (X)),sibling,"[<S> Atlantic City International Airport <P> runwayLength <O> 1873.0, <S> Atlantic City International Airport <P> elevationAboveTheSeaLevel <O> 23.0, <S> Atlantic City International Airport <P> operatingOrganisation <O> Port Authority of New York and New Jersey, <S> Atlantic City International Airport <P> runwayName <O> ""13/31""]","""L-Ajruport Internazzjonali tal-Atlantic City huwa 23 metru fuq il-livell tal-baħar, operat mill-Awtorità tal-Port ta' New York u New Jersey, u għandu l-isem tal-punchway 13/31 li huwa 1873 metru twila. """,Maltese
3004,WrittenWork,(X (X)),,[<S> A.T. Charlie Johnson <P> doctoralAdvisor <O> Michael Tinkham],"""A.T. Charlie Johnson għamel il- PhD tiegħu taħt is- superviżjoni ta'Michael Tinkham. "" ""A.T. Charlie Johnson's konsulent ta 'doktorat kien Michael Tinkham. "" ""Michael Tinkham kien konsulent ta 'doktorat ta'A.T. Charlie Johnson. """,Maltese
5400,University,(X (X) (X) (X) (X) (X) (X)),sibling,"[<S> Acharya Institute of Technology <P> city <O> Bangalore, <S> Acharya Institute of Technology <P> motto <O> ""Nurturing Excellence"", <S> Acharya Institute of Technology <P> country <O> ""India"", <S> Acharya Institute of Technology <P> state <O> Karnataka, <S> Acharya Institute of Technology <P> campus <O> ""In Soldevanahalli, Acharya Dr. Sarvapalli Radhakrishnan Road, Hessarghatta Main Road, Bangalore – 560090."", <S> Acharya Institute of Technology <P> affiliation <O> Visvesvaraya Technological University]","""L-Istitut Teknoloġiku ta' Acharya jinsab f'Bangalore, l-Indja, fl-istat ta' Karnataka. Huwa marbut mal-Università Teknoloġika ta' Visveswaraj, u d-disinn tiegħu - Воспитывать совершенство.",Maltese
7433,MeanOfTransportation,(X (X) (X) (X)),sibling,"[<S> AIDAstella <P> length <O> 253260.0 (millimetres), <S> AIDAstella <P> shipBeam <O> 32.2, <S> AIDAstella <P> builder <O> Meyer Werft]","""Meyer Werft mibni l-AIDAstella li hija 253.26m twila b'raġġ ta' 32.2m. "" ""Mibni minn Meyer Werft, l-AIDAstella hija 253260.0 mm u għandha raġġ ta' 32.2 m. """,Maltese
8746,Artist,(X (X) (X) (X (X))),mixed,"[<S> Alison O'Donnell <P> genre <O> Jazz, <S> Alison O'Donnell <P> recordLabel <O> Deram Records, <S> Deram Records <P> location <O> London, <S> Alison O'Donnell <P> recordLabel <O> Stanyan Records]","""Muzikanta tal-jazz, Alison O'Donnell hija ffirmata mal-lejb tal-inklużjoni Stanyan Records u Deram Records, f'Londra. """",Muzikanta tal-jazz Alison O'Donnell hija mal-lejb tal-jazz Stanyan Records u qabel ma ma ma ma London bażi, Deram Records. "", ""Alison O'Donnell, li darba kien ffirmat mal-lejb tal-lejb London, Deram Records, twettaq mużika tal-jazz u hija ffirmata mal-lejb",Maltese
1167,SportsTeam,(X (X)),,[<S> Akron Summit Assault <P> manager <O> Denzil Antonio],"""Denzil Antonio kien maniġer tal-Futbol Club Akron (USA)."", ""Denzil Antonio huwa maniġer tal-Futbol Club Akron (USA).""",Maltese
1854,Food,(X (X) (X)),sibling,"[<S> Ajoblanco <P> ingredient <O> Almond, <S> Ajoblanco <P> country <O> Spain]","""Mindale huwa ingredjentom Ahoblanko, ikel mill-Ispanya. "" ""Ahoblanko joriġina mill-Ispanya, wieħed mill-ingredjenti tiegħu huwa amindale. "" ""Mindale huwa ingredjentom tal-ikel Spanjol Ahoblanko. """,Maltese
2018,Food,(X (X)),,[<S> Tomato <P> genus <O> Solanum],"""It- tammat jappartjeni għall- ġeneru Solanum"".",Maltese
8044,SportsTeam,(X (X (X) (X))),mixed,"[<S> AZ Alkmaar <P> manager <O> John van den Brom, <S> John van den Brom <P> club <O> AFC Ajax, <S> John van den Brom <P> club <O> Jong Ajax]","""John van den Brom kien maniġer tal-AZ Alkmaar u issa jilgħab għall-AFC u Jong Ajax. """",John van den Brom jimmaniġġja għall-AZ Alkmaar, jilgħab għall-AFC Ajax u huwa fil-Jong Ajax Club. "",""John van den Brom huwa l-maniġer tal-AZ Alkmaar u jilgħab għall-AFC Ajax u Jong Ajax. """,Maltese
5830,Airport,(X (X (X (X)))),chain,"[<S> Belgium <P> leader <O> Charles Michel, <S> Antwerp International Airport <P> cityServed <O> Antwerp, <S> Antwerp <P> country <O> Belgium]","""L-Ajruport Internazzjonali ta' Antwerpen jaqdi l-belt ta' Antwerp fil-Belġju fejn Charles Michel huwa mexxej. """",L-Ajruport Internazzjonali ta' Antwerp jinsab f'Antwerp, il-Belġju, li l-mexxej tiegħu huwa Charles Michel. """",Antwerp huwa xservi mill-Ajruport Internazzjonali ta' Antwerp u huwa destinazzjoni turistika popolari fil-Belġju fejn il-mexxej huwa Charles Michel. """,Maltese
275,Airport,(X (X)),,[<S> Texas <P> demonym <O> Tejano],"""Demonym Texas huwa Tejano. """", ""L-abitanti tat-Texas għandhom demonym ta Tejano. """", ""A Tejano huwa terminu demonym użat fit-Texas. """,Maltese
126,Airport,(X (X)),,"[<S> Andrews County Airport <P> 4thRunwaySurfaceType <O> ""Asphalt""]","""Tnejn il-linji tal-ajru fl-ajruport ta' l-Oruża Andrews huma magħmula mill-asfalt. ""Tnejn il-linji tal-ajru fl-ajruport ta' l-Oruża Andrews huma magħmula mill-asfalt. ""Tnejn il-linji tal-ajru fl-ajruport ta' l-Oruża Andrews huma magħmula mill-asfalt. """,Maltese
5124,Politician,(X (X) (X)),sibling,"[<S> Agnes Kant <P> birthPlace <O> West Germany, <S> Agnes Kant <P> almaMater <O> Radboud University Nijmegen]","""Agnes Kant twieled fil-Ġermanja tal-Punent u l-alma mater tagħha hija l-università Radboud Nijmegen."", ""Agnes Kant twieled fil-Ġermanja tal-Punent, l-alma mater tagħha hija l-Università Radboud Nijmegen."", ""Agnes Kant twieled fil-Ġermanja tal-Punent u attwalment attwalment fl-Università Radboud, Nijmegen"".",Maltese
4527,Food,(X (X) (X)),sibling,"[<S> Arem-arem <P> region <O> Javanese cuisine, <S> Arem-arem <P> mainIngredient <O> ""compressed rice cooked in banana leaf with vegetables or minced meat fillings""]","""Arem-arem huwa ikel Ġavażaniż magħmul minn ross imħassra mqassma f'ġrajja tal-banana b'ħxejjex jew ingredjenti tal-laħam miksu."", ""L-ingredjenti ewlenin ta' Arem-arem, ikel Ġavażaniż, huma ross imħassra f'ġrajja tal-banana b'ħxejjex jew ingredjenti tal-laħam miksu."", ""Arem-arem huwa ikel tal-kċina Ġavażaniża u l-",Maltese
3730,Building,(X (X) (X) (X) (X)),sibling,"[<S> Adisham Hall <P> location <O> ""Haputale, Sri Lanka"", <S> Adisham Hall <P> architecturalStyle <O> Tudor Revival architecture, <S> Adisham Hall <P> completionDate <O> 1931, <S> Adisham Hall <P> buildingStartDate <O> ""1927""]","""L-Adicham Hall kien mibni fl-istil ""Vozroждение Tudorov"" fil-perjodu minn 1927 sa 1931 in Hauptale, Sri-Lanka. ""L-Adicham Hall jinsab f'Hauptale, Sri-Lanka.",Maltese
3204,Airport,(X (X) (X)),sibling,"[<S> Aarhus Airport <P> runwayLength <O> 2776.0, <S> Aarhus Airport <P> operatingOrganisation <O> ""Aarhus Lufthavn A/S""]","""Tá Aerfort Aarhus á oibriú ag Aarhus Lufthavn A/S agus is é 2776.0 an fhad an réimeán"", ""Is eagraíocht oibríochtúil Aerfort Aarhus is é A/S a bhfuil réimeán réimeán ag 2776.0 méadar"".",Irish
7253,Food,(X (X) (X) (X)),sibling,"[<S> Bandeja paisa <P> ingredient <O> Avocado, <S> Bandeja paisa <P> country <O> Colombian cuisine, <S> Bandeja paisa <P> region <O> Antioquia Department]","""Is é an avocado ceann de na comhábhair i Bandeja paisa a bhfuil cócaireacht tipiciúil Colombian ann agus a fhaightear i Roinn Antioquia. """,Irish
4940,MeanOfTransportation,(X (X) (X)),sibling,"[<S> Atlas II <P> launchSite <O> Cape Canaveral Air Force Station, <S> Atlas II <P> countryOrigin <O> United States]","""Túgadh an Atlas II, ó na Stáit Aontaithe, ó Stáisiún Fhorbairt Aeráide Caip Canaveral. "" ""Túgadh an Atlas II ó Stáisiún Fhorbairt Aeráide Caip Canaveral. """,Irish
450,Artist,(X (X)),,[<S> Alison O'Donnell <P> recordLabel <O> Deram Records],"""Tá Alison O'Donnell sínithe leis an lipéad clásca Deram Records. "" ""Bhí Alison O'Donnell sínithe le Deram Records uair amháin. "" ""Tá lipéad clásca Alison O'Donnell Deram Records. """,Irish
10522,Politician,(X (X) (X) (X) (X)),sibling,"[<S> Alvah Sabin <P> office <O> Secretary of State of Vermont, <S> Alvah Sabin <P> region <O> Vermont's 3rd congressional district, <S> Alvah Sabin <P> successor <O> Homer Elihu Royce, <S> Alvah Sabin <P> birthPlace <O> Georgia, Vermont]","""Beuradh Alvah Sabin i Georgia, Vermont agus bhí sé ina rúnaí Stáit Vermont. Bhain sé ionadaíocht ar an 3ú Dáil Choigríocht Vermont agus bhí Homer Elihu Royce ina dhiaidh.",Irish
1260,University,(X (X)),,[<S> 1 Decembrie 1918 University <P> nickname <O> Uab],"""Uníversité ""1 Dé Céadaoin 1918"" has a nickname UAB. """,Irish
4956,Food,(X (X (X)) (X (X) (X))),mixed,"[<S> Arròs negre <P> region <O> Valencian Community, <S> Valencian Community <P> leader <O> Ximo Puig, <S> Spain <P> language <O> Spanish language, <S> Arròs negre <P> country <O> Spain, <S> Spain <P> leader <O> Felipe VI of Spain]","""Traditional Spanish dish arroz negre ar a dtugtar ""Traditional Spanish dish arroz negre"" ó réigiún Valencia, áit a dtagann an ceannaire - Kсимо Пуиг. Язык в Испании - Испанский, а лидер - Филипп VI. """,Irish
4999,Food,(X (X (X) (X) (X) (X))),mixed,"[<S> Bacon Explosion <P> country <O> United States, <S> United States <P> leader <O> Paul Ryan, <S> United States <P> ethnicGroup <O> African Americans, <S> United States <P> capital <O> Washington, D.C., <S> United States <P> leaderTitle <O> President of the United States]","""Beconny взрыв"" - bianna ó Mheiriceá, áit a dtugtar an ceannaire Paul Ryan agus áit a bhfuil na hAfraice Mheiriceá - grúpa eitneach. Washington - príomhchathair na Stát Aontaithe, agus tá titim na rialtas aige.",Irish
5061,Politician,(X (X (X))),chain,"[<S> Abel Caballero <P> inOfficeWhileMonarch <O> Juan Carlos I of Spain, <S> Juan Carlos I of Spain <P> predecessor <O> Alfonso XIII of Spain]","""Bhí Abel Caballero ar oifig agus bhí Juan Carlos I de Spáinn, a bhí roimh Alfonso XIII de Spáinn, ina Monarch. "" ""Bhí Abel Caballero ar oifig le linn ríocht Monarch, Juan Carlos I de Spáinn, a bhí roimh Alfonso XIII de Spáinn. """,Irish
9570,City,(X (X) (X (X) (X))),mixed,"[<S> United States <P> capital <O> Washington, D.C., <S> Akron, Ohio <P> country <O> United States, <S> United States <P> ethnicGroup <O> African Americans, <S> Akron, Ohio <P> isPartOf <O> Summit County, Ohio]","""Tá príomhchathair Washington ag na Stáit Aontaithe agus tá an grúpa eitneach de Mheiriceá Afraic ina gcónaí i measc a dhaonra. Is é an tír áit a bhfuil Akron i gContae Summit, Ohio. """", Is grúpa eitneach iad na Meiriceá Afraic, áit a bhfuil Washington, D.C. ina phríomhchathair. Tá Akron, i gContae Summit, Ohio, suite sna Stáit Aontaithe. """", Tá Akron i gContae Summit, Ohio, Stáit Aontaithe Mheiriceá. Is príomhchathair na Stát Aontaithe Washington, D.C.,",Irish
10229,MeanOfTransportation,(X (X (X) (X) (X))),mixed,"[<S> Delta II <P> launchSite <O> Vandenberg Air Force Base, <S> Delta II <P> launchSite <O> Cape Canaveral Air Force Station, <S> Antares (rocket) <P> comparable <O> Delta II, <S> Delta II <P> countryOrigin <O> United States]","""Tá an roicéad Antares in gcomparáid leis an Stáit Aontaithe a thionscnamh Delta II a scaoileadh ón mBás Air Force Vandenberg agus ón Stáisiún Air Force Cape Canaveral. """", Tá an Delta II, atá in gcomparáid leis an roicéad Antares, ón Stáit Aontaithe agus a scaoileadh ón mBás Air Force Vandenberg agus ón Stáisiún Air Force Cape Canaveral. "", ""Tá an Delta II, atá in gcomparáid leis an roicéad Antares, ón Stáit Aontaithe agus a scaoileadh ón mBás Air",Irish
907,Food,(X (X)),,[<S> Beef kway teow <P> ingredient <O> Palm sugar],"""Is é an t-ábhar a bhaineann le siúcra púil ná an t-am atá caite. """,Irish
8004,SportsTeam,(X (X) (X) (X)),sibling,"[<S> A.F.C. Fylde <P> numberOfMembers <O> 3180, <S> A.F.C. Fylde <P> fullName <O> ""Association Football Club Fylde"", <S> A.F.C. Fylde <P> ground <O> ""Bryning Lane""]","""Is é ainm iomlán an A.F.C. Fylde ""Association Football Club Fylde"" tá siad bunaithe ag Bryning Lane agus tá 3180 ball acu. "", ""AFC Fylde tá ainm iomlán ""Association Football Club Fylde"", tá 3180 ball acu agus tá siad bunaithe ag Bryning Lane. "", ""AFC Fylde tá ainm iomlán ""Association Football Club Fylde"", tá siad bunaithe ag Bryning Lane agus tá 3180 ball acu. """,Irish
2939,University,(X (X)),,[<S> Acharya Institute of Technology <P> city <O> Bangalore],"""Tá Institiúid Teicneolaíochta Acharya suite i gcathair Bangalore."", ""Tá Institiúid Teicneolaíochta Acharya suite i Bangalore."", ""Tá Institiúid Teicneolaíochta Acharya suite i Bangalore. """,Irish
11618,Building,(X (X (X)) (X (X) (X))),mixed,"[<S> Akita Museum of Art <P> country <O> Japan, <S> Akita Museum of Art <P> location <O> Akita, Akita, <S> Akita, Akita <P> isPartOf <O> Akita Prefecture, <S> Japan <P> leader <O> Tarō Asō, <S> Japan <P> ethnicGroup <O> Vietnamese people in Japan]","""Is músaem ealaíne é Músaem Ealaíne Akita sa chathair Akita, Akita, cuid de Preifictéireacht Akita sa tSeapáin. Is Tarō Asō an ceannaire an tír, agus is grúpa eitneach é an pobal Vítneamaí ón tSeapáin. """,Irish
11080,Airport,(X (X) (X) (X) (X) (X)),sibling,"[<S> Appleton International Airport <P> location <O> Greenville, Wisconsin, <S> Appleton International Airport <P> runwayLength <O> 1982.0, <S> Appleton International Airport <P> cityServed <O> Appleton, Wisconsin, <S> Appleton International Airport <P> elevationAboveTheSeaLevel <O> 280, <S> Appleton International Airport <P> runwayName <O> ""3/21""]","""Airport Idirnáisiúnta Appleton; tá airde 280 méadar os cionn leibhéal na farraige, tá fad an réimlíne de 1982.0, agus 3/21 is ainm an réimlíne. Tá sé suite i Greenville, Wisconsin agus freastal ar chathair Appleton (Wisconsin)."", ""Airport Idirnáisiúnta Appleton atá suite i Greenville, Wisconsin agus freastal ar Appleton, Wisconsin. Tá sé 280 méadar os cionn réimlíne na farraige agus a réimlíne is 1982 méadar. Is é an réimlíne ainm 3/21."", ""Tá an",Irish
3817,CelestialBody,(X (X) (X) (X) (X)),sibling,"[<S> (15788) 1993 SB <P> orbitalPeriod <O> 7729430000.0, <S> (15788) 1993 SB <P> periapsis <O> 3997100000000.0, <S> (15788) 1993 SB <P> epoch <O> 2006-03-06, <S> (15788) 1993 SB <P> discoverer <O> Alan Fitzsimmons]","""15788 1993 SB, a fuarthas ag Alan Fitzsimmons, tá aois 6 Márta 2006. Tá tréimhse orbital aige 7729430000 agus pericenter 3997100000000."", ""(15788) 1993 SB a fuarthas ag Alan Fitzsimmons agus tá aois 6 Márta 2006.",Irish
11285,Artist,(X (X) (X) (X) (X) (X)),sibling,"[<S> Allen Forrest <P> birthYear <O> 1981, <S> Allen Forrest <P> birthPlace <O> ""Fort Campbell, KY, raised in Dothan, AL"", <S> Allen Forrest <P> background <O> ""solo singer"", <S> Allen Forrest <P> genre <O> Pop music, <S> Allen Forrest <P> birthPlace <O> Fort Campbell]","""Is amhránaí ceoil pop solo é Allen Forrest a rugadh i 1981 i Fort Campbell, Kentucky ach d'fhás sé i Dothan, Alabama. "" """,Irish
904,Athlete,(X (X)),,"[<S> Regina, Saskatchewan <P> leaderTitle <O> Legislative Assembly of Saskatchewan]","""Tá an Tionól Leasaíochta Saskatchewan ag rialú Regina, Saskatchewan"".",Irish
2442,Airport,(X (X (X) (X))),mixed,"[<S> Ardmore Airport (New Zealand) <P> 3rdRunwaySurfaceType <O> Poaceae, <S> Poaceae <P> division <O> Flowering plant, <S> Poaceae <P> order <O> Commelinids]","""I Nua-Zéalandáin is é an 3ú leath-samhraidh aerfort Ardmore déanta as croí, plandaí, a bhaineann le roinn na plandaí flúirseacha agus atá mar chuid de ord ord ord comhleiliúna. """,Irish
9023,Athlete,(X (X (X)) (X (X))),mixed,"[<S> Aleksandre Guruli <P> club <O> Olympique Lyonnais, <S> Olympique Lyonnais <P> ground <O> Parc Olympique Lyonnais, <S> Aleksandre Guruli <P> club <O> FC Dinamo Batumi, <S> FC Dinamo Batumi <P> manager <O> Levan Khomeriki]","""Ós rud é go bhfuil sé ina ballraíocht i gclub na Lionstaine, a bhfuil a gcuid cluichí baile ag an gclub Olympique Lyonnais.",Irish
4776,MeanOfTransportation,(X (X (X))),chain,"[<S> 1955 Dodge <P> relatedMeanOfTransportation <O> DeSoto Custom, <S> DeSoto Custom <P> manufacturer <O> DeSoto (automobile)]","""Is móinfheithiclí iompair iad an 1955 Dodge agus an DeSoto Custom a mhonarú ag DeSoto. """", Is móinfheithiclí iompair iad an 1955 Dodge agus an DeSoto Custom, a mhonarú ag DeSoto. """", Is móinfheithiclí iompair iad an 1955 Dodge agus an DeSoto Custom, a mhonarú ag DeSoto. """,Irish
9550,City,(X (X) (X (X) (X))),mixed,"[<S> Indiana <P> capital <O> Indianapolis, <S> Anderson, Indiana <P> isPartOf <O> Indiana, <S> Indiana <P> country <O> United States, <S> Anderson, Indiana <P> isPartOf <O> Madison County, Indiana]","""Tá Anderson suite i gContae Madison, Indiana, laistigh de na Stáit Aontaithe. Tá Anderson mar chuid de Indiana, áit a bhfuil Indianapolis an príomhchathair. """,Irish
1479,City,(X (X)),,"[<S> Auburn, Alabama <P> areaTotal <O> 140.8 (square kilometres)]","""Tá limistéar iomlán an chathair Auburn, i Alabama, 140.8 ciliméadar cearnach"", ""Tá limistéar iomlán Auburn, Alabama 140.8 ciliméadar cearnach"", ""Tá limistéar iomlán Auburn, Alabama 140.8 ciliméadar cearnach"".",Irish
4706,Building,(X (X) (X) (X) (X (X))),mixed,"[<S> 103 Colmore Row <P> floorCount <O> 23, <S> 103 Colmore Row <P> location <O> Colmore Row, <S> 103 Colmore Row <P> completionDate <O> 1976, <S> 103 Colmore Row <P> architect <O> John Madin, <S> John Madin <P> birthPlace <O> Birmingham]","""Bhí John Madin an ailtire de dhúnam, atá suite ar 103. ar an ngréasán Colmor-Roe. Bhí an t-ailt críochnaithe i 1976."", ""Sprojected by born in Birmingham architect John Madin, Colmor-Roe 103 was completed in 1976.",Irish
7318,Food,(X (X) (X) (X)),sibling,"[<S> Binignit <P> ingredient <O> Sweet potato, <S> Binignit <P> mainIngredient <O> Coconut milk, <S> Binignit <P> country <O> Philippines]","""Is iad bainne coicis agus patataí milis príomhábhar an bhiainíit, a fhaightear sna hOileáin Fhilippíneacha."", ""Is iad bainne coicis agus bainne coicis príomhábhar sa bhiainíit a thagann ó na hOileáin Fhilippíneacha."", ""Tá bainne coicis sa bhiainíit chomh maith leis an príomhábhar bainne coicis"".",Irish
7875,Politician,(X (X) (X (X))),mixed,"[<S> Alvah Sabin <P> party <O> Whig Party (United States), <S> Alvah Sabin <P> activeYearsEndDate <O> 1857-03-03, <S> Whig Party (United States) <P> leader <O> Henry Clay]","""B'é Alvah Sabin, a d'éirigh as oifig ar an 3 Márta 1857, ball de Phréi Whig na Stát Aontaithe a raibh Henry Clay ina cheannaire. """,Irish
6665,CelestialBody,(X (X) (X) (X)),sibling,"[<S> 1089 Tama <P> epoch <O> 2005-11-26, <S> 1089 Tama <P> formerName <O> ""A894 VA; A904 VD;"", <S> 1089 Tama <P> periapsis <O> 288749000000.0]","""A dtugtar ""A894 VA; A904 VD"", 1089 Tama, tá periapsis de 288749000000.0, agus an epic de, 2005-11-26."", ""Tá periapsis de 1089 Tama (ar a dtugtar go foirmiúil mar A894 VA; A904 VD) 288749000000.0 agus dáta epic de 26 Samhain 2005."", ""1089 Tama tá an dáta epic de 26 Samhain 2005, periapsis de 288749000000.0 agus a bhí ar eolas mar A894 VA; A90",Irish
7283,Food,(X (X) (X) (X)),sibling,"[<S> Batchoy <P> country <O> Philippines, <S> Batchoy <P> mainIngredient <O> ""noodles, pork organs, vegetables, chicken, shrimp, beef"", <S> Batchoy <P> ingredient <O> Pork]","""Is iad na príomhábhar de Batchoy, a ithear sna hPhilippines, náí, feola porc, glasraí, cearc, creamp agus feola."", ""Is iad na príomhábhar de Batchoy, a ithear sna hPhilippines, náí, feola porc, glasraí, cearc, creamp, feola."", ""Is é na hPhilippines an tír a thagann Batchoy, is iad na príomhábhar atá ann náí, feola porc, glasraí, cearc, creamp, fe",Irish
172,Airport,(X (X)),,[<S> Ashgabat International Airport <P> 1stRunwayLengthFeet <O> 12467],"""Tá an t-údar de chéad leath-sléibhe in aerfort ar an ainm Saparmurat Turkmenbashi 12467 ft."", ""Tá an t-údar de chéad leath-sléibhe in aerfort ar an ainm Saparmurat Turkmenbashi 12467 ft. in fhad"", ""Tá an t-údar deireanach in aerfort ar an ainm Saparmurat Turkmenbashi 12467 ft. in fhad"".",Irish
5830,Airport,(X (X (X (X)))),chain,"[<S> Belgium <P> leader <O> Charles Michel, <S> Antwerp International Airport <P> cityServed <O> Antwerp, <S> Antwerp <P> country <O> Belgium]","""L-Airport Internacional d'Antwerpen jaqdi l-belt ta' Antwerp fil-Belġju d'où Charles Michel huwa mexxej. ""L-Airport Internacional d'Antwerp ta' Antwerp ta' antwerp ta' antwerp, il-Belġju, li l-mexxej é Charles Michel. """,Irish
7762,Politician,(X (X) (X) (X)),sibling,"[<S> Adam Holloway <P> party <O> Conservative Party (UK), <S> Adam Holloway <P> birthPlace <O> Faversham, <S> Adam Holloway <P> nationality <O> United Kingdom]","""Faversham, Ríocht Aontaithe rugadh Adam Holloway is comhalta de Pháirtí Coincheartach na RA. """", Adam Holloway, comhalta den Pháirtí Coincheartach, rugadh i Faversham, Ríocht Aontaithe. "", ""Adam Holloway, náisiúnach na RA, rugadh i Faversham, agus tá sé ina chomhalta de na Tories. """,Irish
8914,Astronaut,(X (X) (X) (X) (X)),sibling,"[<S> Elliot See <P> status <O> ""Deceased"", <S> Elliot See <P> deathPlace <O> St. Louis, <S> Elliot See <P> birthPlace <O> Dallas, <S> Elliot See <P> occupation <O> Test pilot]","""Bhríog an phiolóta tástála Elliot See a rugadh i Dallas, fuair bás i St. Louis. "" ""Bhríog an phiolóta tástála Elliot See i Dallas agus d'fhóin sé mar phiolóta tástála sula bhfuair sé bás i St. Louis"".",Irish
4714,Building,(X (X) (X (X) (X) (X))),mixed,"[<S> 200 Public Square <P> location <O> Cleveland, <S> 200 Public Square <P> architect <O> HOK (firm), <S> Cleveland <P> isPartOf <O> Cuyahoga County, Ohio, <S> Cleveland <P> isPartOf <O> Ohio, <S> Cleveland <P> country <O> United States]","""Tá an Phablik-Square 200 suite i Clivlend, Caiahóg, Ohio, Stáit Aontaithe Mheiriceá agus bhí sé deartha ag firma HOK. "", ""Béadh an Phablik-Square 200 i gCathair Clivland, Caiahóg, Ohio, Stáit Aontaithe Mheiriceá a bhí deartha ag firma architéireachta HOK. "", ""Béadh an Fhirma HOK mar ailtóir an Phablik-Square 200, atá suite i Clivlend, Contae Caiahóg, Ohio, Stáit Aontaithe Mheiriceá",Irish
5385,SportsTeam,(X (X) (X)),sibling,"[<S> AZAL PFK <P> season <O> 2014–15 Azerbaijan Premier League, <S> AZAL PFK <P> numberOfMembers <O> 3500]","""Tá an AZAL PFK Bakou, a bhfuil 3500 ball aige, ag imirt sa Azerbaijan Premier League, 201415."", ""AZAL PFK Bakou, a bhfuil an chathach 3500 ball aige, ag imirt sa Azerbaijan Premier League, 201415."", ""Bhí an AZAL PFK sa Azerbaijan Premier League i 2014-15 agus tá 3500 ball aige"".",Irish
1634,ComicsCharacter,(X (X)),,"[<S> Blockbuster (comicsCharacter) <P> alternativeName <O> ""Roland Desmond""]","""Tá an carachtar cómic Blockbuster ar a dtugtar Roland Desmond freisin. "", ""Is é an alter ego an carachtar cómic Blockbuster. "", ""Is é an carachtar cómic, ainm eile Blockbuster Roland Desmond. """,Irish
11770,CelestialBody,(X (X) (X) (X) (X) (X)),sibling,"[<S> 1101 Clematis <P> epoch <O> 2006-12-31, <S> 1101 Clematis <P> escapeVelocity <O> 0.02 (kilometrePerSeconds), <S> 1101 Clematis <P> mass <O> 5.7 (kilograms), <S> 1101 Clematis <P> orbitalPeriod <O> 183309000.0, <S> 1101 Clematis <P> periapsis <O> 445895000000.0]","""1101 Clematis tá measa de 5.7 kg, luas scaoilte de 0.02 k.p.s agus a dáta epoch a bhí ar an 31 Nollaig 2006. Tá tréimhse orbital de 183309000.0 aige agus tá a periapsis 445895000000.0."", ""1101 Clematis tá measa de 5.7 kg, luas scaoilte de 0.02 k.p.s agus a dáta epoch a bhí ar an 31 Nollaig 2006. Tá tréimhse orbital de 183309000.0 aige agus tá a periapsis 445895000000.0."", """,Irish
669,CelestialBody,(X (X)),,[<S> 1101 Clematis <P> escapeVelocity <O> 0.02 (kilometrePerSeconds)],"""Sceathra fuinneoise 1101 Klematis é 0.02 km/s"", ""1101 Klematis has a speed of escape 0.02 kilometers per second."", ""Neбесное тело, known as 1101 Klematis, has a speed of escape 0.02 km/s"".",Irish
9736,Food,(X (X) (X (X) (X))),mixed,"[<S> Arem-arem <P> country <O> Indonesia, <S> Indonesia <P> leader <O> Joko Widodo, <S> Indonesia <P> leader <O> Jusuf Kalla, <S> Arem-arem <P> region <O> Javanese cuisine]","""Is é arem-arem an cócaireacht Javanese a fhaightear san Indinéis, áit a bhfuil dhá cheann de na ceannairí ann Joko Widodo agus Jusuf Kalla."", ""Is é arem-arem an bia de chócaireacht Javanese a tháinig as an Indinéis, an tír ina bhfuil Joko Widodo agus Jusuf Kalla ina cheannairí."", ""Is é arem arem an bia Javanese agus déantar é a sheirbheáil go coitianta san Indinéis áit a bhfuil na ceannairí Jusuf Kalla agus Joko Widodo"".",Irish
10069,MeanOfTransportation,(X (X) (X) (X) (X)),sibling,"[<S> ALCO RS-3 <P> builder <O> Montreal Locomotive Works, <S> ALCO RS-3 <P> engine <O> V12 engine, <S> ALCO RS-3 <P> powerType <O> Diesel-electric transmission, <S> ALCO RS-3 <P> length <O> 17068.8 (millimetres)]","""Tá inneall V12 ag an ALCO RS-3, a thóg an Montreal Locomotive Works, agus tá trealamh díseál-eileachtúil aige, agus tá sé 17068.8 milliméadar. """,Irish
2180,MeanOfTransportation,(X (X)),,"[<S> Alvis Speed 25 <P> transmission <O> ""single plate clutch, separate 4-speed gearbox all-silent and all-syncromesh, centre change lever, open tubular propellor shaft with metal joints , spiral bevel fully floating back axle""]","""Tá trealamh iontach ag an Alvis Speed 25 a chruthaíodh mar ""clutch plaisteach aonair, gearbox 4 tapa ar leithligh go hiomlán ciúin agus go hiomlán comhtháthraithe, lever athrú lárnach, shaft propeller tubular oscailte le comhghnóthaí meatailt, bevel spiral go hiomlán ag dul ar ais axle"".",Irish
923,Athlete,(X (X)),,[<S> St. Louis Rams <P> coach <O> Joe Vitt],"""Is Joe Vitt an múinteoir don St. Louis Rams"", ""Is Joe Vitt an múinteoir don St. Louis Rams"", ""Is Joe Vitt an múinteoir don St. Louis Rams"".",Irish
8877,Astronaut,(X (X (X)) (X (X))),mixed,"[<S> Alan Shepard <P> mission <O> Apollo 14, <S> New Hampshire <P> bird <O> Purple finch, <S> Alan Shepard <P> birthPlace <O> New Hampshire, <S> Apollo 14 <P> operator <O> NASA]","""B'e Alan Shepard a rugadh i Nua-Hamhsair (a bhfuil an fhinch phórpaí ina shlándal). Bhí sé ina bhall foirne Apollo 14 NASA"".",Irish
4635,Astronaut,(X (X) (X) (X) (X) (X)),sibling,"[<S> Alan Bean <P> nationality <O> United States, <S> Alan Bean <P> occupation <O> Test pilot, <S> Alan Bean <P> mission <O> Apollo 12, <S> Alan Bean <P> birthPlace <O> Wheeler, Texas, <S> Alan Bean <P> timeInSpace <O> ""100305.0""(minutes)]","""B'é an t-Aillimh a bhí ag Alan Bin, a rugadh i Wheeler, stát Texas. Bhí sé ina léitheoir-téarbhálaí agus ina bhall foirne ""Apollon-12"".",Irish
12476,Monument,(X (X) (X) (X (X) (X))),mixed,"[<S> Monocacy National Battlefield <P> location <O> Frederick County, Maryland, <S> 14th New Jersey Volunteer Infantry Monument <P> established <O> ""1907-07-11"", <S> 14th New Jersey Volunteer Infantry Monument <P> district <O> Monocacy National Battlefield, <S> Monocacy National Battlefield <P> nearestCity <O> Frederick, Maryland, <S> 14th New Jersey Volunteer Infantry Monument <P> owningOrganisation <O> National Park Service]","""Tá an 14ú Monument Infantry Volunteer New Jersey bunaithe an 11 Iúil 1907 suite ar an Moncacy National Battlefield, Contae Frederick, Maryland. Tá an tSeirbhís Páirc Náisiúnta freagrach as a chothabháil.",Irish
12740,WrittenWork,(X (X (X)) (X (X) (X))),mixed,"[<S> A Fortress of Grey Ice <P> language <O> English language, <S> English language <P> spokenIn <O> Great Britain, <S> United States <P> capital <O> Washington, D.C., <S> A Fortress of Grey Ice <P> country <O> United States, <S> United States <P> ethnicGroup <O> Native Americans in the United States]","""Tógann Farraing na nGall Grey ó na Stáit Aontaithe, agus scríobhann sé sa Bheurla, a labhraítear i mBreatain Mhór freisin. Cuimsíonn na Stáit Aontaithe go leor Meiriceánaigh Dúchais, agus is é Washington D.C. a phríomhchathair"", ""Is é an teanga na Breataine Mhór Béarla, agus úsáidtear é seo sa foilseachán bunaidh de Farraing na nGall Grey. Tá an leabhar, áfach, ó na Stáit Aontaithe áit a bhfuil an phríomhchathair Washington DC. Tá an tír ann freisin",Irish
3572,Artist,(X (X) (X)),sibling,"[<S> Anders Osborne <P> recordLabel <O> Alligator Records, <S> Anders Osborne <P> genre <O> Rhythm and blues]","""Is é an cineathrú atá ag Anders Osborne Rhythm and blues agus tá siad sínithe leis an lipéad taifeadála Alligator Records. """", Anders Osborne cluich rhythm and blues agus bhí sí sínithe le Alligator Records. "", ""Tá léiritheoir ceoil rhythm and blues, Anders Osborne, mar chuid den lipéad taifeadála, Alligator Records. """,Irish
1718,CelestialBody,(X (X) (X)),sibling,"[<S> 101 Helena <P> escapeVelocity <O> 0.0348 (kilometrePerSeconds), <S> 101 Helena <P> apoapsis <O> 441092000.0 (kilometres)]","""(101) Tá luas éagóireachta 0,0348 km/s agus an apapsid 441092000,0 km."", ""(101) Tá luas cosmach eile ag Elena 0,0348 km/s, agus an ionad - 441092000,0 km."", ""U (101) Tá ionad 441092000,0 km. agus luas éagóireachta - 0,0348 km/s"".",Irish
12550,Politician,(X (X) (X (X)) (X (X))),mixed,"[<S> Agnes Kant <P> nationality <O> Netherlands, <S> Netherlands <P> leader <O> Mark Rutte, <S> Agnes Kant <P> residence <O> Doesburg, <S> Socialist Party (Netherlands) <P> leader <O> Emile Roemer, <S> Agnes Kant <P> party <O> Socialist Party (Netherlands)]","""Agnes Kant náisiúnach na hÍsiltíre a cheannaíonn Mark Rutte. Bhí sí ina chónaitheoir i Doesburg agus ina bhall den Pháirtí Sóisialacha a bhí ina gceannas ar Emile Roemer. """,Irish
3105,Food,(X (X) (X (X))),mixed,"[<S> Binignit <P> ingredient <O> Taro, <S> Binignit <P> course <O> Dessert, <S> Dessert <P> dishVariation <O> Sandesh (confectionery)]","""Taro  ingredient de dessert biinignit. Sandesh (condaire dédhéanamh) is féidir a thabhairt mar dheisert. "", ""Sup Binignit déanta as Taró agus a thabhairt mar dheisert, mar atá san Sandesh. "", ""Taro é an comhábhar súpa Binignit, atá mar dheisert. ""Sandesh"" - freisin déisert. """,Irish
